"0",""
"0","# Revisi√≥n detallada del dataset"
"0","glimpse(df)"
"1","Rows: 137"
"1",""
"1","
"
"1","Columns: 27"
"1",""
"1","
"
"1","$ ID_proyecto                     [3m[38;5;246m<dbl>[39m[23m 239, 239, 239, 239, 239, 239, 239, 239, 239, 239, 23‚Ä¶
$ ID_com                          [3m[38;5;246m<dbl>[39m[23m 182, 49, 61, 197, 104, 89, 57, 120, 102, 190, 166, 1‚Ä¶
$ Nombre_proyecto                 [3m[38;5;246m<chr>[39m[23m ""Forestal AndesVerde"", ""Forestal AndesVerde"", ""Fores‚Ä¶
$ Sector                          [3m[38;5;246m<chr>[39m[23m ""Forestal"", ""Forestal"", ""Forestal"", ""Forestal"", ""For‚Ä¶
$ Regi√≥n                          [3m[38;5;246m<chr>[39m[23m ""Biob√≠o"", ""Biob√≠o"", ""Biob√≠o"", ""Biob√≠o"", ""Biob√≠o"", ""B‚Ä¶
$ Poblaci√≥n_total_region          [3m[38;5;246m<dbl>[39m[23m 1600000, 1600000, 1600000, 1600000, 1600000, 1600000‚Ä¶
$ Pob_ind√≠gena                    [3m[38;5;246m<dbl>[39m[23m 0.18, 0.18, 0.18, 0.18, 0.18, 0.18, 0.18, 0.18, 0.18‚Ä¶
$ Porcentaje_rural                [3m[38;5;246m<dbl>[39m[23m 0.22, 0.22, 0.22, 0.22, 0.22, 0.22, 0.22, 0.22, 0.22‚Ä¶
$ Tasa_desempleo                  [3m[38;5;246m<dbl>[39m[23m 0.0942, 0.0942, 0.0942, 0.0942, 0.0942, 0.0942, 0.09‚Ä¶
$ Num_actores_clave               [3m[38;5;246m<dbl>[39m[23m 1, 9, 8, 9, 7, 5, 4, 9, 8, 5, 1, 4, 6, 8, 9, 8, 8, 9‚Ä¶
$ Experiencias_industrias_previas [3m[38;5;246m<chr>[39m[23m ""S√≠"", ""S√≠"", ""S√≠"", ""S√≠"", ""S√≠"", ""S√≠"", ""S√≠"", ""S√≠"", ""S√≠""‚Ä¶
$ Confianza_instituciones         [3m[38;5;246m<dbl>[39m[23m 2, 1, 3, 4, 3, 5, 2, 1, 3, 4, 5, 4, 4, 4, 3, 4, 1, 3‚Ä¶
$ Participaci√≥n_ciudadana         [3m[38;5;246m<dbl>[39m[23m 3, 3, 2, 3, 3, 2, 2, 2, 2, 3, 1, 1, 2, 3, 2, 3, 3, 3‚Ä¶
$ Conocimiento_proyecto           [3m[38;5;246m<dbl>[39m[23m 5, 3, 1, 1, 2, 2, 5, 3, 3, 3, 3, 3, 3, 4, 4, 4, 5, 5‚Ä¶
$ Confianza_responsables          [3m[38;5;246m<dbl>[39m[23m 2, 4, 2, 4, 3, 2, 5, 5, 4, 1, 3, 2, 3, 4, 5, 4, 1, 1‚Ä¶
$ Organizaci√≥n_comunitaria        [3m[38;5;246m<chr>[39m[23m ""Medio"", ""Medio"", ""Medio"", ""Bajo"", ""Medio"", ""Medio"",‚Ä¶
$ Opinion_proyecto                [3m[38;5;246m<chr>[39m[23m ""Negativa"", ""Negativa"", ""Positiva"", ""Positiva"", ""Pos‚Ä¶
$ Principales_vulnerabilidades    [3m[38;5;246m<chr>[39m[23m ""Poblaci√≥n rural"", ""Adulto Mayor"", ""Mujeres"", ""Migra‚Ä¶
$ Riesgo_desplazamiento           [3m[38;5;246m<chr>[39m[23m ""Bajo"", ""Bajo"", ""Bajo"", ""Bajo"", ""Bajo"", ""Bajo"", ""Baj‚Ä¶
$ Impacto_cohesi√≥n_social         [3m[38;5;246m<chr>[39m[23m ""Negativo"", ""Negativo"", ""Neutro"", ""Negativo"", ""Neutr‚Ä¶
$ Cambio_empleo_local             [3m[38;5;246m<chr>[39m[23m ""Aumento"", ""Sin cambio"", ""Sin cambio"", ""Disminuci√≥n""‚Ä¶
$ Percepci√≥n_ambiental            [3m[38;5;246m<dbl>[39m[23m 1, 2, 1, 2, 2, 2, 2, 1, 2, 3, 2, 2, 3, 2, 5, 3, 1, 1‚Ä¶
$ Impacto_seguridad_servicios     [3m[38;5;246m<chr>[39m[23m ""Negativo"", ""Neutro"", ""Negativo"", ""Negativo"", ""Posit‚Ä¶
$ Impacto_calidad_vida            [3m[38;5;246m<chr>[39m[23m ""Neutro"", ""Neutro"", ""Neutro"", ""Positivo"", ""Neutro"", ‚Ä¶
$ Conflictos_potenciales          [3m[38;5;246m<chr>[39m[23m ""S√≠"", ""S√≠"", ""No"", ""No"", ""No"", ""No"", ""S√≠"", ""No"", ""No""‚Ä¶
$ Satisfacci√≥n_mitigaci√≥n         [3m[38;5;246m<dbl>[39m[23m 3, 3, 4, 1, 4, 2, 3, 1, 1, 3, 5, 5, 2, 4, 1, 4, 2, 3‚Ä¶
$ Cumplimiento_compromisos        [3m[38;5;246m<chr>[39m[23m ""Medio"", ""Bajo"", ""Medio"", ""Alto"", ""Medio"", ""Bajo"", ""‚Ä¶"
"1",""
"1","
"
