"0","## Gr√°fico de dispersi√≥n entre Pob_ind√≠gena y Opini√≥n del Proyecto"
"0","ggplot(df, aes(x = Pob_ind√≠gena, y = Opinion_proyecto_num, color = Tasa_desempleo)) +"
"0","  geom_point(size = 3, alpha = 0.7) +"
"0","  geom_smooth(method = ""lm"", se = FALSE, color = ""black"") +"
"0","  theme_minimal() +"
"0","  labs(title = ""Relaci√≥n entre Poblaci√≥n Ind√≠gena y Opini√≥n del Proyecto"", x = ""Poblaci√≥n Ind√≠gena"", "
"0","       y = ""Opini√≥n del Proyecto (Num√©rica)"", color = ""Tasa de Desempleo"")"
"1","[38;5;232m`geom_smooth()` using formula = 'y ~ x'[39m
"
"2","Warning:"
"2"," [38;5;232mRemoved 20 rows containing non-finite outside the scale range (`stat_smooth()`).[39m
"
"2","Warning:"
"2"," [38;5;232mRemoved 20 rows containing missing values or values outside the scale range (`geom_point()`).[39m
"
